User_ID,Match_ID,Text_Similarity,MBTI_Score,Location_Score,Compatibility_Score,Feedback,Round
U164,U029,0.2746955818879934,0.0,0.0,16.481734913279606,1,Round 1
U007,U190,0.424422647298941,0.5,0.0,37.965358837936456,1,Round 1
U071,U063,0.33812508765969845,0.0,0.0,20.287505259581906,0,Round 1
U058,U036,0.14703751221247255,0.0,0.0,8.822250732748353,0,Round 1
U189,U027,0.17369421642054333,0.0,0.0,10.421652985232601,1,Round 1
U174,U190,0.3804007832662438,0.0,0.0,22.82404699597463,0,Round 1
U140,U023,0.037858229118332275,0.0,0.0,2.2714937470999366,0,Round 1
U152,U109,0.2792127018817045,1.0,0.0,41.75276211290227,0,Round 1
U009,U008,0.06309262525252074,0.0,0.0,3.785557515151244,1,Round 1
U024,U056,0.10367674839495938,1.0,0.0,31.220604903697563,1,Round 1
U060,U130,0.08148380462263194,0.5,1.0,32.38902827735791,0,Round 1
U155,U007,0.4367048646967065,1.0,0.0,51.20229188180239,1,Round 1
U144,U051,0.30546898285989876,1.0,0.0,43.32813897159392,0,Round 1
U184,U167,0.1095575156676667,1.0,0.0,31.57345094006,0,Round 1
U180,U140,0.17938925384803875,1.0,0.0,35.763355230882325,0,Round 1
U108,U057,0.15253639955105544,0.0,0.0,9.152183973063325,0,Round 1
U115,U151,0.27694952703439574,0.5,0.0,29.116971622063748,1,Round 1
U072,U002,0.5181261368228339,0.0,1.0,46.08756820937003,0,Round 1
U195,U041,0.14147380272093532,0.0,0.0,8.488428163256119,0,Round 1
U179,U109,0.015731954905604657,0.5,1.0,28.44391729433628,1,Round 1
U088,U072,0.32927578721068995,0.0,0.0,19.756547232641395,0,Round 1
U040,U056,0.47650639229176217,0.0,0.0,28.59038353750573,0,Round 1
U196,U087,0.20557985752683836,0.0,0.0,12.3347914516103,0,Round 1
U027,U024,0.20897332174120686,0.5,0.0,25.038399304472414,0,Round 1
U098,U025,0.1034505254485183,1.0,0.0,31.2070315269111,0,Round 1
U092,U089,0.11465876539604608,0.0,1.0,21.879525923762767,1,Round 1
U155,U068,0.22214529380967818,0.0,0.0,13.32871762858069,0,Round 1
U012,U187,0.08550034308248919,0.0,0.0,5.130020584949351,0,Round 1
U118,U138,0.11866279115745662,1.0,1.0,47.119767469447396,1,Round 1
U032,U097,0.21457141238401495,0.0,0.0,12.874284743040896,1,Round 1
U021,U142,0.06317212585487406,1.0,0.0,28.790327551292442,0,Round 1
U076,U161,0.42545610809739526,1.0,0.0,50.527366485843714,0,Round 1
U159,U093,0.5240715280163614,0.5,0.0,43.94429168098168,0,Round 1
U148,U050,0.2114184400584266,0.0,0.0,12.685106403505596,1,Round 1
U181,U018,0.16236059520567084,0.0,0.0,9.741635712340251,0,Round 1
U012,U170,0.31469423953139986,1.0,0.0,43.881654371884,0,Round 1
U059,U198,0.22477777380461694,0.0,0.0,13.486666428277017,0,Round 1
U075,U021,0.10260731618369931,0.0,1.0,21.156438971021956,0,Round 1
U060,U026,0.756124473022732,0.0,0.0,45.36746838136392,1,Round 1
U098,U072,0.8955350321343332,0.0,0.0,53.73210192805998,0,Round 1
U117,U163,0.09764569355319307,0.0,0.0,5.858741613191584,0,Round 1
U094,U042,0.21309033838579294,0.0,0.0,12.785420303147577,0,Round 1
U095,U091,0.24896894813968148,0.0,1.0,29.938136888380885,1,Round 1
U054,U172,0.45803477552686866,1.0,0.0,52.482086531612126,1,Round 1
U069,U180,0.3748924640248482,0.0,0.0,22.493547841490894,0,Round 1
U175,U166,0.11148306059499918,0.5,0.0,19.18898363569995,1,Round 1
U019,U156,0.07346913984227431,1.0,0.0,29.40814839053646,1,Round 1
U163,U044,0.17715695386364175,0.5,0.0,23.129417231818504,1,Round 1
U137,U187,0.24392962230892362,0.0,0.0,14.635777338535416,1,Round 1
U063,U042,0.666314122159225,0.0,0.0,39.9788473295535,1,Round 1
U119,U098,0.39270870163073845,1.0,0.0,48.56252209784431,1,Round 1
U070,U164,0.3142883418849885,0.0,0.0,18.85730051309931,0,Round 1
U177,U143,0.23670424265601694,1.0,1.0,54.202254559361016,0,Round 1
U057,U176,0.06570097990979676,1.0,0.0,28.942058794587805,0,Round 1
U084,U197,0.6330320923022836,1.0,0.0,62.98192553813702,1,Round 1
U199,U015,0.1625122791000797,0.0,0.0,9.750736746004781,0,Round 1
U059,U009,0.35502504900694604,0.0,1.0,36.30150294041676,0,Round 1
U081,U103,0.14401080149418974,0.0,0.0,8.640648089651384,0,Round 1
U069,U017,0.2484982240288161,1.0,0.0,39.90989344172897,0,Round 1
U055,U146,0.11943842550507218,1.0,0.0,32.16630553030433,1,Round 1
U184,U081,0.27188164606865756,0.0,0.0,16.312898764119453,1,Round 1
U055,U168,0.19885260516664943,0.0,0.0,11.931156309998965,0,Round 1
U128,U102,0.2685794817830543,0.0,0.0,16.114768906983258,1,Round 1
U165,U118,0.46984429665557303,0.0,0.0,28.190657799334378,0,Round 1
U037,U068,0.08666280174449095,0.0,0.0,5.199768104669457,0,Round 1
U036,U064,0.1483597467921692,1.0,0.0,33.90158480753015,0,Round 1
U191,U144,0.4737576311715126,0.0,0.0,28.425457870290753,0,Round 1
U138,U068,0.4155009109701784,0.5,0.0,37.4300546582107,0,Round 1
U192,U150,0.5111080289799698,1.0,0.0,55.66648173879818,0,Round 1
U110,U150,0.39345856768773707,0.5,0.0,36.107514061264226,1,Round 1
U103,U093,0.08091334102402287,0.0,0.0,4.854800461441372,0,Round 1
U057,U036,0.2000874949757046,0.0,0.0,12.005249698542276,1,Round 1
U131,U127,0.2711195422108736,0.5,0.0,28.767172532652417,0,Round 1
U024,U194,0.14262868939797005,1.0,1.0,48.5577213638782,0,Round 1
U013,U029,0.21804744389404188,1.0,0.0,38.08284663364251,0,Round 1
U040,U161,0.11228348703795904,0.0,0.0,6.737009222277542,0,Round 1
U041,U175,0.08069202401349308,0.0,0.0,4.841521440809585,1,Round 1
U109,U153,0.10852769573257663,0.0,1.0,21.511661743954598,0,Round 1
U017,U099,0.3050392791238855,0.0,0.0,18.30235674743313,0,Round 1
U098,U153,0.07369011824839314,0.0,1.0,19.421407094903586,0,Round 1
U120,U136,0.3028999793452768,1.0,0.0,43.1739987607166,0,Round 1
U065,U142,0.3104615934481031,0.0,0.0,18.627695606886185,0,Round 1
U003,U175,0.4477492346947417,0.0,0.0,26.864954081684502,0,Round 1
U185,U030,0.3382469528260332,0.5,0.0,32.79481716956199,1,Round 1
U175,U138,0.08601955465687743,0.0,0.0,5.161173279412646,0,Round 1
U193,U069,0.20543049151789544,0.0,0.0,12.325829491073726,0,Round 1
U197,U165,0.4469571652555214,0.0,1.0,41.81742991533128,0,Round 1
U088,U029,0.23781898212307795,0.0,0.0,14.269138927384676,0,Round 1
U076,U112,0.3791054590510696,1.0,0.0,47.746327543064176,1,Round 1
U041,U117,0.06934230614905101,1.0,0.0,29.16053836894306,1,Round 1
U001,U185,0.3426826796061838,0.0,0.0,20.56096077637103,0,Round 1
U185,U068,0.1435708573325543,0.0,0.0,8.614251439953259,0,Round 1
U129,U196,0.3368833632024001,0.5,0.0,32.713001792144006,0,Round 1
U046,U130,0.05564830562929868,0.0,0.0,3.3388983377579207,0,Round 1
U028,U161,0.13179590896088877,0.5,0.0,20.40775453765333,0,Round 1
U077,U164,0.09164092332318208,0.0,1.0,20.498455399390924,0,Round 1
U130,U156,0.08769053068980417,0.0,1.0,20.26143184138825,0,Round 1
U051,U040,0.3025079556991057,0.0,0.0,18.150477341946342,0,Round 1
U096,U196,0.18260497768302725,0.0,1.0,25.956298660981638,0,Round 1
U042,U139,0.32733501622030164,0.0,0.0,19.640100973218097,0,Round 1
U200,U136,0.19533313374233677,1.0,0.0,36.71998802454021,0,Round 2
U001,U154,0.17914885240673936,0.0,0.0,10.748931144404361,0,Round 2
U083,U126,0.16016764163242028,0.0,0.0,9.610058497945216,0,Round 2
U005,U029,0.17901481924577822,0.0,0.0,10.740889154746693,0,Round 2
U093,U079,0.3274933161671654,0.0,0.0,19.649598970029924,0,Round 2
U062,U015,0.29626886719473,0.0,0.0,17.7761320316838,0,Round 2
U062,U146,0.21998646918247322,1.0,0.0,38.199188150948395,0,Round 2
U021,U022,0.05903413562582807,0.0,0.0,3.542048137549684,0,Round 2
U188,U125,0.1389333130198019,0.0,0.0,8.335998781188113,1,Round 2
U018,U195,0.11300069865569529,0.0,0.0,6.780041919341717,0,Round 2
U137,U197,0.19224469669192373,0.0,1.0,26.534681801515426,0,Round 2
U033,U169,0.5305412072386146,0.0,1.0,46.83247243431688,0,Round 2
U122,U141,0.20483837353709755,0.0,0.0,12.290302412225852,0,Round 2
U043,U068,0.09252088934183517,0.0,0.0,5.55125336051011,0,Round 2
U136,U156,0.1475203109905756,0.0,0.0,8.851218659434537,0,Round 2
U109,U055,0.26780449056301747,1.0,0.0,41.06826943378105,1,Round 2
U139,U194,0.20434510076667922,0.5,0.0,24.760706046000752,1,Round 2
U187,U177,0.06551277724080645,0.0,0.0,3.930766634448387,0,Round 2
U052,U183,0.3350756844221396,0.0,0.0,20.104541065328373,0,Round 2
U080,U103,0.19602953705245543,0.5,0.0,24.261772223147325,0,Round 2
U172,U167,0.0866803501483509,1.0,0.0,30.200821008901052,0,Round 2
U096,U113,0.19312895276685102,0.0,0.0,11.587737166011062,0,Round 2
U133,U116,0.5718420175118573,1.0,0.0,59.31052105071144,0,Round 2
U031,U064,0.28867802590812436,0.0,0.0,17.32068155448746,0,Round 2
U058,U017,0.19045273495265508,1.0,0.0,36.427164097159306,0,Round 2
U087,U006,0.2373218326506639,1.0,0.0,39.239309959039836,0,Round 2
U151,U142,0.32957257481602265,0.0,0.0,19.774354488961357,1,Round 2
U059,U151,0.2130089312305789,0.0,0.0,12.780535873834733,0,Round 2
U057,U002,0.1332317020736725,0.0,0.0,7.993902124420349,0,Round 2
U019,U182,0.13301384794665377,1.0,0.0,32.980830876799224,0,Round 2
U162,U016,0.28245668037643723,1.0,0.0,41.94740082258623,0,Round 2
U059,U018,0.07036855197724126,0.0,0.0,4.222113118634476,0,Round 2
U009,U085,0.0971227265658075,0.0,0.0,5.8273635939484505,0,Round 2
U019,U132,0.38189886573750775,0.0,0.0,22.913931944250464,0,Round 2
U061,U072,0.07739824757500119,0.0,0.0,4.643894854500071,0,Round 2
U172,U125,0.09449263245103261,0.5,0.0,18.169557947061957,0,Round 2
U055,U139,0.17863827218270095,0.0,0.0,10.718296330962056,0,Round 2
U034,U186,0.11038045411929157,0.0,0.0,6.622827247157494,0,Round 2
U147,U148,0.29942930528035533,1.0,0.0,42.96575831682132,0,Round 2
U122,U063,0.09757026222323734,0.0,0.0,5.8542157333942395,0,Round 2
U122,U105,0.036651521582133806,0.0,0.0,2.1990912949280284,1,Round 2
U049,U025,0.18331498562455173,0.0,0.0,10.998899137473103,1,Round 2
U025,U169,0.27855969903402694,0.0,0.0,16.713581942041618,1,Round 2
U111,U091,0.11576505408990181,1.0,0.0,31.94590324539411,1,Round 2
U109,U106,0.07400004252290744,0.5,0.0,16.940002551374448,0,Round 2
U120,U187,0.08064819651788052,0.5,1.0,32.33889179107283,1,Round 2
U014,U173,0.32071974915428014,1.0,0.0,44.24318494925681,0,Round 2
U168,U166,0.21810819054135863,0.0,0.0,13.086491432481518,0,Round 2
U026,U016,0.30534700555100747,0.0,1.0,33.320820333060446,0,Round 2
U104,U187,0.2160732203541949,1.0,0.0,37.96439322125169,0,Round 2
U087,U028,0.3991174068477561,0.0,0.0,23.947044410865363,0,Round 2
U064,U050,0.1418945893661523,0.5,0.0,21.013675361969135,0,Round 2
U049,U138,0.10013053389152268,0.0,0.0,6.00783203349136,0,Round 2
U115,U036,0.12238302684303397,0.0,0.0,7.342981610582037,1,Round 2
U109,U047,0.30161956641995186,0.0,0.0,18.09717398519711,0,Round 2
U072,U119,0.30392598941211313,0.0,0.0,18.235559364726786,0,Round 2
U064,U020,0.28864054158619873,1.0,0.0,42.31843249517192,1,Round 2
U114,U141,0.19968554066217326,1.0,0.0,36.981132439730395,1,Round 2
U026,U013,0.17780836111028592,0.5,0.0,23.168501666617153,0,Round 2
U167,U139,0.16782268895061916,1.0,0.0,35.06936133703715,0,Round 2
U004,U024,0.5687271167081536,1.0,0.0,59.12362700248921,0,Round 2
U193,U061,0.11196178177038021,0.0,0.0,6.717706906222813,0,Round 2
U043,U105,0.27691328054680864,0.5,0.0,29.11479683280852,0,Round 2
U125,U124,0.16949783303085245,0.5,1.0,37.66986998185114,0,Round 2
U055,U103,0.10327355629404893,0.5,0.0,18.696413377642934,0,Round 2
U016,U043,0.3779370870337687,0.5,0.0,35.176225222026126,0,Round 2
U098,U001,0.16782547504726372,0.0,0.0,10.069528502835823,0,Round 2
U100,U068,0.18891531673456052,1.0,0.0,36.334919004073626,0,Round 2
U117,U074,0.29778204582190687,0.0,0.0,17.866922749314412,0,Round 2
U109,U179,0.015731954905604657,0.5,1.0,28.44391729433628,1,Round 2
U188,U143,0.2776933040590809,0.0,1.0,31.66159824354485,0,Round 2
U170,U184,0.07087788291557992,0.0,0.0,4.252672974934795,0,Round 2
U125,U040,0.23319032950419927,0.0,0.0,13.991419770251955,1,Round 2
U049,U076,0.3944763136918905,0.0,0.0,23.66857882151343,0,Round 2
U056,U015,0.17656799915158408,0.0,0.0,10.594079949095045,0,Round 2
U149,U189,0.09742629508092565,0.0,1.0,20.84557770485554,0,Round 2
U139,U016,0.06256162710529001,0.0,0.0,3.7536976263174004,0,Round 2
U192,U081,0.291293931216574,1.0,1.0,57.47763587299444,1,Round 2
U015,U013,0.4900967490559467,1.0,0.0,54.405804943356806,0,Round 2
U150,U123,0.5356839158887083,0.0,0.0,32.1410349533225,0,Round 2
U129,U136,0.11158735409181704,0.0,0.0,6.695241245509022,0,Round 2
U041,U015,0.0897701445351042,0.0,0.0,5.386208672106251,0,Round 2
U131,U021,0.5005013436153978,1.0,0.0,55.03008061692387,1,Round 2
U048,U018,0.09299749235022751,1.0,0.0,30.579849541013647,0,Round 2
U153,U018,0.15685152418560028,0.0,0.0,9.411091451136016,1,Round 2
U173,U061,0.18049688688416798,1.0,0.0,35.82981321305007,0,Round 2
U104,U031,0.2140367129017497,1.0,0.0,37.84220277410498,0,Round 2
U146,U064,0.1822282684820913,0.0,0.0,10.933696108925478,0,Round 2
U149,U153,0.1814566039107291,0.0,0.0,10.887396234643745,0,Round 2
U011,U159,0.26993076926563303,0.0,0.0,16.195846155937982,0,Round 2
U021,U108,0.34727492242663316,1.0,0.0,45.83649534559799,1,Round 2
U169,U150,0.20640591122042487,0.0,0.0,12.384354673225491,0,Round 2
U145,U134,0.06246663552217606,0.0,0.0,3.7479981313305633,0,Round 2
U081,U067,0.3106693917579256,0.0,0.0,18.640163505475535,0,Round 2
U053,U172,0.3423558296504055,1.0,0.0,45.54134977902433,1,Round 2
U184,U081,0.27188164606865756,0.0,0.0,16.312898764119453,0,Round 2
U062,U068,0.08394993509549153,0.0,0.0,5.036996105729492,0,Round 2
U102,U034,0.16881933294493023,1.0,0.0,35.12915997669581,1,Round 2
U172,U166,0.13826216701441923,0.0,1.0,23.29573002086515,0,Round 2
U077,U118,0.1221866786706308,0.5,0.0,19.831200720237845,1,Round 2
U081,U193,0.3136502813570107,0.0,0.0,18.819016881420637,0,Round 3
U019,U003,0.29295739419181155,0.0,0.0,17.57744365150869,1,Round 3
U118,U160,0.37734787599690567,0.0,0.0,22.64087255981434,0,Round 3
U145,U026,0.4140783420775176,0.0,0.0,24.844700524651053,1,Round 3
U019,U138,0.20786965005760544,0.0,0.0,12.472179003456326,0,Round 3
U055,U130,0.12214895265760828,0.0,1.0,22.328937159456498,0,Round 3
U068,U034,0.1783265841021019,0.0,0.0,10.699595046126113,0,Round 3
U090,U018,0.03986803049057598,0.0,0.0,2.392081829434559,0,Round 3
U063,U095,0.14519864184085884,0.0,0.0,8.71191851045153,0,Round 3
U073,U041,0.09070152407528734,0.0,0.0,5.44209144451724,0,Round 3
U113,U140,0.23288607305410336,1.0,0.0,38.9731643832462,1,Round 3
U181,U078,0.5098668674804229,0.0,0.0,30.592012048825374,0,Round 3
U157,U168,0.2470312574447222,1.0,0.0,39.82187544668333,1,Round 3
U136,U003,0.5843701759798323,0.0,0.0,35.062210558789936,0,Round 3
U171,U142,0.12003013594462274,0.5,0.0,19.701808156677362,1,Round 3
U077,U170,0.32731050324584315,0.0,0.0,19.63863019475059,0,Round 3
U027,U035,0.13678959989065678,0.0,0.0,8.207375993439408,0,Round 3
U068,U030,0.12376695262303426,0.0,0.0,7.426017157382056,0,Round 3
U028,U191,0.21190785218895125,0.0,0.0,12.714471131337074,0,Round 3
U142,U040,0.3544457213662124,0.0,0.0,21.26674328197274,0,Round 3
U070,U073,0.15221015090402817,0.0,0.0,9.13260905424169,0,Round 3
U155,U054,0.2930660284376773,0.5,0.0,30.08396170626064,0,Round 3
U184,U088,0.32538623547443224,1.0,0.0,44.52317412846594,1,Round 3
U053,U176,0.12295463115093454,0.0,0.0,7.377277869056072,0,Round 3
U163,U068,0.07765830118230771,1.0,0.0,29.65949807093846,0,Round 3
U130,U126,0.17820355489260692,0.0,0.0,10.692213293556414,0,Round 3
U065,U014,0.24281183237026718,0.0,0.0,14.56870994221603,0,Round 3
U024,U163,0.06746041941411209,0.0,0.0,4.047625164846725,0,Round 3
U109,U071,0.395329575508043,1.0,0.0,48.71977453048258,0,Round 3
U012,U001,0.47200355838595554,0.0,0.0,28.320213503157333,1,Round 3
U086,U198,0.04238977985295182,0.5,0.0,15.04338679117711,1,Round 3
U034,U164,0.44904826943913484,1.0,0.0,51.942896166348085,0,Round 3
U068,U042,0.05808278078067656,0.0,0.0,3.484966846840593,0,Round 3
U190,U114,0.046985068139824324,0.5,1.0,30.31910408838946,0,Round 3
U142,U181,0.17650096158524223,0.0,0.0,10.590057695114535,0,Round 3
U110,U144,0.14693935696296984,0.0,1.0,23.81636141777819,0,Round 3
U003,U029,0.29434332736942337,0.0,0.0,17.6605996421654,0,Round 3
U020,U177,0.5209645120553514,0.0,0.0,31.257870723321084,1,Round 3
U039,U140,0.4372556793330707,1.0,1.0,66.23534075998424,1,Round 3
U010,U095,0.10964603573197897,0.0,0.0,6.578762143918738,0,Round 3
U150,U142,0.08592178556136282,1.0,0.0,30.15530713368177,1,Round 3
U038,U111,0.28497955813881803,0.5,0.0,29.598773488329076,0,Round 3
U033,U011,0.05314399736234804,1.0,0.0,28.18863984174088,0,Round 3
U079,U094,0.3097256000740741,0.0,0.0,18.583536004444447,0,Round 3
U011,U092,0.22958576967916633,0.0,0.0,13.775146180749978,0,Round 3
U054,U175,0.42794557872686245,0.0,1.0,40.67673472361174,1,Round 3
U064,U171,0.4137008867175757,0.0,0.0,24.82205320305454,0,Round 3
U027,U091,0.24368821529889048,0.0,0.0,14.62129291793343,0,Round 3
U200,U144,0.22000733694935196,1.0,0.0,38.20044021696112,1,Round 3
U105,U159,0.30391952204637845,0.0,0.0,18.235171322782705,0,Round 3
U192,U040,0.2723483154598659,0.0,0.0,16.34089892759195,0,Round 3
U061,U042,0.12195406388474596,0.0,0.0,7.317243833084758,1,Round 3
U046,U106,0.013634643657574821,0.0,1.0,15.81807861945449,0,Round 3
U007,U046,0.1107170872289523,0.0,0.0,6.643025233737138,1,Round 3
U189,U086,0.18015422944688972,0.0,0.0,10.809253766813383,0,Round 3
U106,U172,0.1766866773463131,0.0,0.0,10.601200640778787,0,Round 3
U189,U064,0.10536687683964906,1.0,0.0,31.32201261037895,0,Round 3
U069,U041,0.05563916317612835,0.0,0.0,3.338349790567701,0,Round 3
U180,U028,0.3694882688445898,0.0,1.0,37.16929613067539,1,Round 3
U098,U010,0.27823567811905925,0.5,0.0,29.194140687143555,1,Round 3
U121,U057,0.18290339974820324,0.0,0.0,10.974203984892196,0,Round 3
U052,U118,0.060274670171479625,0.0,1.0,18.616480210288778,0,Round 3
U090,U079,0.22128331587493802,0.5,0.0,25.776998952496278,0,Round 3
U059,U058,0.3097187716292289,0.5,0.0,31.083126297753733,0,Round 3
U007,U169,0.160418074335723,0.0,1.0,24.62508446014338,1,Round 3
U050,U103,0.13435231126301184,1.0,0.0,33.06113867578071,1,Round 3
U085,U072,0.07413095006564574,0.0,0.0,4.447857003938744,0,Round 3
U018,U198,0.34470475774934023,1.0,0.0,45.682285464960415,0,Round 3
U072,U090,0.041442683258908576,0.5,0.0,14.986560995534514,0,Round 3
U165,U131,0.13205913293309796,0.5,0.0,20.42354797598588,0,Round 3
U103,U174,0.1383643102741987,0.0,1.0,23.30185861645192,1,Round 3
U138,U085,0.1443573921446362,1.0,0.0,33.66144352867817,1,Round 3
U008,U030,0.014856062064267261,1.0,0.0,25.89136372385604,0,Round 3
U067,U046,0.4529881082398255,1.0,0.0,52.17928649438952,0,Round 3
U149,U068,0.16446342236129488,0.0,1.0,24.86780534167769,0,Round 3
U010,U028,0.48938128125648783,0.0,1.0,44.36287687538927,0,Round 3
U153,U112,0.1499918625040142,1.0,0.0,33.99951175024085,1,Round 3
U089,U187,0.23961124765348288,1.0,0.0,39.37667485920897,1,Round 3
U081,U112,0.21960497546185534,1.0,0.0,38.17629852771132,0,Round 3
U156,U131,0.03172701593416819,0.0,0.0,1.9036209560500914,0,Round 3
U030,U099,0.14131435894504932,0.5,0.0,20.978861536702958,1,Round 3
U148,U049,0.03650733907538242,0.0,0.0,2.1904403445229454,0,Round 3
U066,U012,0.3184038369310081,0.0,1.0,34.10423021586049,0,Round 3
U182,U112,0.2752122807507237,1.0,0.0,41.51273684504342,1,Round 3
U001,U134,0.31184163053363473,0.0,0.0,18.710497832018085,0,Round 3
U138,U176,0.18944857614227037,0.0,0.0,11.36691456853622,0,Round 3
U185,U190,0.18115977849671064,0.5,0.0,23.369586709802636,1,Round 3
U189,U172,0.28977064253274243,0.0,0.0,17.386238551964546,0,Round 3
U051,U094,0.3611882777793952,0.0,0.0,21.671296666763713,0,Round 3
U111,U018,0.2928816825597584,0.0,0.0,17.572900953585503,0,Round 3
U171,U085,0.16634800210374592,0.0,0.0,9.980880126224754,0,Round 3
U160,U081,0.08345465891394377,0.0,0.0,5.007279534836626,0,Round 3
U170,U032,0.1095099873053148,1.0,0.0,31.570599238318884,0,Round 3
U185,U077,0.26455389448762656,0.0,0.0,15.873233669257594,0,Round 3
U130,U080,0.1514338582846522,0.0,0.0,9.086031497079132,0,Round 3
U171,U105,0.15968792918160496,0.0,1.0,24.581275750896296,1,Round 3
U084,U104,0.25719785826908376,1.0,0.0,40.43187149614502,0,Round 3
U179,U076,0.4117913386455535,0.0,0.0,24.70748031873321,1,Round 3
U142,U033,0.3489100057035303,1.0,0.0,45.934600342211816,1,Round 3
U050,U108,0.12938736031808945,0.0,0.0,7.763241619085366,0,Round 3
U171,U098,0.02869734933561118,1.0,0.0,26.72184096013667,0,Round 4
U174,U192,0.11292952687275015,0.5,0.0,19.27577161236501,0,Round 4
U045,U158,0.5105833029525079,0.0,0.0,30.634998177150468,0,Round 4
U146,U078,0.22559957895906152,0.0,0.0,13.535974737543691,1,Round 4
U104,U141,0.461035610756076,1.0,0.0,52.66213664536457,0,Round 4
U001,U078,0.27718094744111454,1.0,1.0,56.63085684646687,1,Round 4
U074,U054,0.14526416990172933,0.5,0.0,21.21585019410376,1,Round 4
U111,U149,0.3386386060155391,0.0,1.0,35.31831636093234,1,Round 4
U156,U168,0.07928439687699892,0.0,0.0,4.757063812619935,0,Round 4
U083,U120,0.2512044783361238,0.0,0.0,15.072268700167427,0,Round 4
U114,U173,0.23712090010946457,0.0,0.0,14.227254006567874,0,Round 4
U055,U131,0.2557314880973166,0.0,0.0,15.343889285838996,0,Round 4
U122,U189,0.24701943484756458,0.0,0.0,14.821166090853874,0,Round 4
U044,U169,0.147150096296703,1.0,0.0,33.82900577780218,0,Round 4
U022,U073,0.2356168964579466,0.0,0.0,14.137013787476796,1,Round 4
U132,U170,0.1891906232387588,0.0,0.0,11.351437394325528,0,Round 4
U163,U159,0.10058846282387132,0.0,0.0,6.035307769432279,0,Round 4
U086,U024,0.06233632287890493,1.0,0.0,28.740179372734296,0,Round 4
U193,U061,0.11196178177038021,0.0,0.0,6.717706906222813,0,Round 4
U173,U080,0.6854883262942277,0.5,0.0,53.629299577653654,1,Round 4
U058,U051,0.1326891379598496,0.0,0.0,7.961348277590975,0,Round 4
U038,U007,0.049250994980672175,0.0,0.0,2.9550596988403304,0,Round 4
U012,U063,0.09761057472929838,0.0,0.0,5.856634483757903,0,Round 4
U122,U157,0.12085662474542533,0.0,0.0,7.251397484725519,0,Round 4
U197,U019,0.17363885030310539,0.0,0.0,10.418331018186324,0,Round 4
U117,U107,0.4345002336396749,0.0,1.0,41.0700140183805,0,Round 4
U162,U148,0.34821710183086113,0.0,0.0,20.893026109851668,1,Round 4
U050,U184,0.16616068862546818,0.0,0.0,9.96964131752809,0,Round 4
U179,U099,0.17707760054239885,1.0,0.0,35.62465603254393,0,Round 4
U127,U103,0.36861520825511895,0.0,0.0,22.116912495307137,1,Round 4
U063,U038,0.26229372641857784,1.0,0.0,40.73762358511467,1,Round 4
U168,U177,0.34795681365123704,1.0,0.0,45.87740881907422,0,Round 4
U002,U193,0.48469607642859075,0.0,0.0,29.08176458571544,0,Round 4
U198,U028,0.3245261023373105,0.0,0.0,19.47156614023863,0,Round 4
U200,U109,0.20104649364824367,1.0,0.0,37.06278961889462,1,Round 4
U057,U046,0.05245920896772567,0.0,0.0,3.14755253806354,0,Round 4
U179,U133,0.0932891289525027,0.0,0.0,5.597347737150162,0,Round 4
U119,U013,0.317527552799775,0.0,0.0,19.0516531679865,0,Round 4
U143,U064,0.33535117767190087,0.0,0.0,20.121070660314054,0,Round 4
U032,U117,0.23987599241066465,0.0,0.0,14.39255954463988,0,Round 4
U035,U119,0.1461461315544121,0.0,0.0,8.768767893264727,0,Round 4
U171,U136,0.4768167875514139,0.5,0.0,41.10900725308483,0,Round 4
U144,U153,0.47150499979194593,0.0,0.0,28.290299987516754,1,Round 4
U082,U194,0.2786762671335502,0.0,0.0,16.720576028013014,0,Round 4
U114,U157,0.06564074637063604,0.0,0.0,3.938444782238162,0,Round 4
U185,U130,0.29987083016465765,1.0,0.0,42.99224980987945,1,Round 4
U110,U141,0.10868133418317756,0.5,0.0,19.02088005099065,1,Round 4
U115,U041,0.16994528957456267,0.0,1.0,25.19671737447376,0,Round 4
U191,U122,0.035234859573127365,0.0,0.0,2.114091574387642,0,Round 4
U116,U067,0.3012646931605549,0.0,0.0,18.07588158963329,0,Round 4
U193,U064,0.20103223684432212,1.0,0.0,37.061934210659324,0,Round 4
U164,U071,0.2529962415410685,1.0,0.0,40.179774492464105,0,Round 4
U197,U200,0.15028073729557612,1.0,0.0,34.01684423773457,1,Round 4
U134,U125,0.21335945658643168,0.0,0.0,12.8015673951859,0,Round 4
U161,U062,0.40840095691196165,0.0,0.0,24.504057414717696,0,Round 4
U071,U113,0.07545210620938889,0.0,0.0,4.527126372563333,0,Round 4
U020,U183,0.16660167204948817,0.0,0.0,9.996100322969289,0,Round 4
U074,U061,0.10372916612274553,0.0,0.0,6.223749967364732,0,Round 4
U070,U086,0.20135103579802052,0.0,1.0,27.08106214788123,0,Round 4
U082,U139,0.09832807860001955,0.0,0.0,5.899684716001173,0,Round 4
U021,U036,0.22015818080974076,0.0,1.0,28.209490848584444,0,Round 4
U039,U060,0.12114202541978517,1.0,0.0,32.26852152518711,0,Round 4
U099,U178,0.35977810186888887,0.5,0.0,34.086686112133336,0,Round 4
U040,U181,0.4993123248817579,0.5,1.0,57.45873949290547,0,Round 4
U055,U017,0.2713527214149469,1.0,0.0,41.28116328489681,1,Round 4
U107,U105,0.11744092560802516,1.0,0.0,32.04645553648151,0,Round 4
U085,U139,0.5239245248896025,0.0,0.0,31.43547149337615,1,Round 4
U120,U107,0.138750579661861,0.5,0.0,20.82503477971166,0,Round 4
U016,U053,0.2651464519170519,1.0,0.0,40.90878711502312,0,Round 4
U108,U100,0.1303690914193602,0.0,0.0,7.822145485161612,0,Round 4
U198,U150,0.2836301359233918,0.0,0.0,17.017808155403507,0,Round 4
U179,U006,0.3148887306342947,1.0,0.0,43.89332383805768,1,Round 4
U196,U148,0.5577017008120955,0.0,0.0,33.462102048725725,1,Round 4
U098,U123,0.2817794264810124,0.0,0.0,16.906765588860743,0,Round 4
U002,U091,0.24187574988773583,0.0,0.0,14.512544993264148,1,Round 4
U077,U193,0.07588233583426643,0.0,0.0,4.552940150055986,0,Round 4
U100,U108,0.1303690914193602,0.0,0.0,7.822145485161612,0,Round 4
U138,U192,0.1795700950211206,0.0,0.0,10.774205701267235,0,Round 4
U189,U140,0.10163201301032601,0.0,1.0,21.09792078061956,0,Round 4
U155,U057,0.10864825617978717,1.0,0.0,31.51889537078723,0,Round 4
U125,U057,0.1280304844426738,0.0,0.0,7.681829066560426,0,Round 4
U070,U112,0.26731962485567606,0.0,1.0,31.039177491340563,0,Round 4
U125,U008,0.07520335593986305,0.0,0.0,4.512201356391783,0,Round 4
U100,U087,0.25416386193410695,0.0,1.0,30.249831716046415,0,Round 4
U172,U174,0.11265997362146085,0.5,0.0,19.25959841728765,1,Round 4
U104,U186,0.08733958403861689,1.0,0.0,30.240375042317012,0,Round 4
U043,U120,0.4540694917209188,1.0,0.0,52.24416950325512,0,Round 4
U033,U160,0.210824141547381,0.5,0.0,25.149448492842865,0,Round 4
U137,U007,0.16661810279321967,0.0,0.0,9.99708616759318,1,Round 4
U101,U152,0.11989756524534795,1.0,0.0,32.193853914720876,0,Round 4
U145,U170,0.41566985924314165,0.0,0.0,24.9401915545885,0,Round 4
U007,U022,0.12947147273777151,0.0,0.0,7.76828836426629,0,Round 4
U165,U110,0.2063277883175415,1.0,0.0,37.379667299052485,0,Round 4
U035,U119,0.1461461315544121,0.0,0.0,8.768767893264727,0,Round 4
U047,U013,0.20287495258905813,0.0,0.0,12.172497155343487,0,Round 4
U067,U098,0.26187778364007724,0.0,0.0,15.712667018404632,0,Round 4
U084,U055,0.16625658979513674,0.0,1.0,24.975395387708204,0,Round 4
U117,U084,0.47696733549912285,0.0,0.0,28.61804012994737,1,Round 4
U087,U195,0.1843070539525848,0.0,0.0,11.058423237155086,1,Round 4
U098,U072,0.8955350321343332,0.0,0.0,53.73210192805998,1,Round 4
U193,U108,0.15095143364289831,0.0,0.0,9.057086018573898,0,Round 5
U065,U021,0.1611992375593101,0.0,0.0,9.671954253558605,0,Round 5
U121,U005,0.5514640522066127,1.0,0.0,58.08784313239676,0,Round 5
U192,U139,0.050018693497484806,0.0,0.0,3.001121609849088,1,Round 5
U014,U090,0.044789513147040855,0.0,0.0,2.687370788822451,0,Round 5
U058,U167,0.09448272734755309,0.0,0.0,5.6689636408531845,0,Round 5
U018,U200,0.6234386677612566,1.0,0.0,62.40632006567539,1,Round 5
U167,U011,0.21308867620455207,1.0,0.0,37.78532057227312,0,Round 5
U194,U008,0.15802676598474225,1.0,0.0,34.48160595908453,0,Round 5
U064,U052,0.14191536370396635,1.0,0.0,33.51492182223798,1,Round 5
U006,U160,0.23733581661318415,0.5,0.0,26.740148996791046,0,Round 5
U040,U062,0.23785017362949856,0.0,0.0,14.271010417769913,0,Round 5
U033,U122,0.8170567683384279,1.0,1.0,89.02340610030566,1,Round 5
U172,U030,0.12549039277778895,0.0,0.0,7.529423566667337,0,Round 5
U145,U056,0.27729228684769863,0.0,0.0,16.637537210861915,0,Round 5
U120,U180,0.1723460513510094,1.0,0.0,35.34076308106056,0,Round 5
U066,U197,0.19820368310556308,0.5,0.0,24.392220986333786,1,Round 5
U095,U043,0.16620683125617197,0.0,1.0,24.972409875370317,0,Round 5
U156,U192,0.45644072058929264,0.0,0.0,27.386443235357554,0,Round 5
U184,U030,0.5633442347043824,0.5,0.0,46.300654082262945,0,Round 5
U200,U042,0.5624539934966323,0.0,0.0,33.74723960979794,1,Round 5
U080,U028,0.39769920177188095,1.0,0.0,48.861952106312856,1,Round 5
U149,U007,0.04879135816977526,1.0,0.0,27.92748149018652,1,Round 5
U080,U148,0.21250899439988666,0.0,0.0,12.750539663993198,0,Round 5
U174,U097,0.044064327963151004,0.0,0.0,2.64385967778906,0,Round 5
U102,U184,0.14377789793289905,1.0,0.0,33.62667387597394,1,Round 5
U051,U020,0.1828493701262592,0.0,0.0,10.970962207575552,0,Round 5
U152,U177,0.04887990212248053,1.0,0.0,27.93279412734883,0,Round 5
U161,U063,0.14839572224130088,0.0,0.0,8.903743334478053,0,Round 5
U027,U179,0.13038410730979966,1.0,0.0,32.82304643858798,0,Round 5
U198,U078,0.09782758689301752,0.0,0.0,5.8696552135810505,0,Round 5
U176,U154,0.579426344391307,1.0,0.0,59.76558066347841,1,Round 5
U031,U145,0.16407244063116672,0.0,1.0,24.84434643787,0,Round 5
U011,U089,0.22598543840163338,0.0,0.0,13.559126304098001,1,Round 5
U137,U110,0.17843557233561863,0.0,0.0,10.706134340137117,0,Round 5
U170,U095,0.1592763784818078,1.0,0.0,34.556582708908465,1,Round 5
U018,U130,0.20400011670286305,1.0,1.0,52.24000700217179,1,Round 5
U166,U088,0.06954689322140668,0.0,0.0,4.172813593284401,0,Round 5
U004,U108,0.07712087084708731,1.0,0.0,29.627252250825237,0,Round 5
U126,U028,0.21229183471971336,1.0,0.0,37.7375100831828,1,Round 5
U111,U093,0.09005540448132301,1.0,0.0,30.403324268879384,1,Round 5
U163,U118,0.21144069764116763,0.0,0.0,12.686441858470058,0,Round 5
U182,U040,0.13120404179007308,0.0,0.0,7.872242507404385,0,Round 5
U112,U046,0.3536703284718954,0.5,0.0,33.72021970831373,1,Round 5
U188,U134,0.11869443203321031,0.0,0.0,7.121665921992619,0,Round 5
U167,U070,0.08621110769852089,0.0,0.0,5.172666461911253,0,Round 5
U158,U138,0.41875283669560387,0.0,0.0,25.12517020173623,1,Round 5
U199,U124,0.08974072033176783,1.0,0.0,30.38444321990607,1,Round 5
U120,U112,0.06788131254822766,0.0,0.0,4.072878752893659,0,Round 5
U188,U152,0.037912133507921005,0.0,0.0,2.27472801047526,0,Round 5
U069,U083,0.4423411371109323,0.0,1.0,41.54046822665593,1,Round 5
U063,U023,0.28743445918921406,1.0,0.0,42.24606755135284,1,Round 5
U072,U116,0.26915695323968847,0.0,0.0,16.149417194381307,0,Round 5
U063,U193,0.1489087977128972,0.0,0.0,8.934527862773832,0,Round 5
U119,U146,0.20337373448922202,1.0,0.0,37.20242406935333,0,Round 5
U157,U172,0.15539171987679445,1.0,0.0,34.32350319260767,0,Round 5
U098,U087,0.09353367223285838,1.0,0.0,30.6120203339715,1,Round 5
U008,U127,0.3313490588585569,1.0,1.0,59.88094353151342,0,Round 5
U084,U047,0.18919784683912316,0.5,0.0,23.85187081034739,1,Round 5
U125,U055,0.35348764363878504,0.0,0.0,21.2092586183271,0,Round 5
U091,U067,0.19832556548994507,0.0,0.0,11.899533929396704,0,Round 5
U088,U072,0.32927578721068995,0.0,0.0,19.756547232641395,0,Round 5
U153,U180,0.27060235961799195,0.0,0.0,16.236141577079515,0,Round 5
U071,U143,0.27170911914674345,0.0,0.0,16.302547148804607,0,Round 5
U003,U133,0.11752412699832435,1.0,0.0,32.051447619899456,0,Round 5
U049,U022,0.06112678225533183,0.0,0.0,3.6676069353199092,0,Round 5
U062,U185,0.20723994925208827,0.5,1.0,39.934396955125294,1,Round 5
U105,U126,0.12322590151885128,0.0,0.0,7.393554091131077,0,Round 5
U143,U195,0.31620363407505675,0.0,1.0,33.97221804450341,0,Round 5
U062,U177,0.282843858452726,1.0,0.0,41.97063150716356,0,Round 5
U122,U166,0.03862846486132853,0.5,0.0,14.817707891679714,0,Round 5
U183,U126,0.14322409213137716,0.0,0.0,8.59344552788263,0,Round 5
U115,U005,0.03835317061307033,0.0,0.0,2.30119023678422,0,Round 5
U024,U076,0.21070903346577666,0.0,0.0,12.6425420079466,0,Round 5
U057,U104,0.1674856952369113,0.5,0.0,22.549141714214677,0,Round 5
U178,U063,0.07714766614546456,0.0,0.0,4.628859968727873,0,Round 5
U079,U170,0.17815418035190136,0.0,0.0,10.689250821114081,1,Round 5
U149,U095,0.057794181761021614,0.0,0.0,3.4676509056612965,0,Round 5
U122,U142,0.3470036915753188,1.0,0.0,45.82022149451913,0,Round 5
U136,U089,0.122103421712504,0.0,1.0,22.32620530275024,0,Round 5
U109,U191,0.08074873691281118,0.0,0.0,4.844924214768671,0,Round 5
U141,U085,0.24389474187206223,0.0,1.0,29.633684512323732,0,Round 5
U091,U180,0.20472933553351086,0.0,0.0,12.283760132010652,0,Round 5
U117,U070,0.27161416169424313,0.0,0.0,16.296849701654587,0,Round 5
U079,U065,0.24837385609071153,1.0,0.0,39.902431365442695,1,Round 5
U060,U031,0.3170782125433606,0.0,0.0,19.024692752601634,0,Round 5
U185,U050,0.2392177814540914,0.0,0.0,14.353066887245483,0,Round 5
U081,U031,0.11512771650003431,0.0,0.0,6.907662990002058,0,Round 5
U191,U138,0.06861252954616136,0.0,0.0,4.116751772769681,0,Round 5
U196,U177,0.07798806961623705,0.0,0.0,4.679284176974223,1,Round 5
U048,U050,0.40683041158356315,0.0,0.0,24.40982469501379,0,Round 5
U056,U190,0.22329105445011832,1.0,0.0,38.3974632670071,1,Round 5
U124,U071,0.3301254556535905,0.0,0.0,19.80752733921543,0,Round 5
U186,U151,0.8166733556595046,0.0,0.0,49.000401339570274,1,Round 5
U195,U135,0.35194190352561444,0.0,0.0,21.116514211536867,0,Round 5
U153,U073,0.6583207826028503,0.0,0.0,39.49924695617102,1,Round 5
U026,U050,0.43866900996128066,1.0,0.0,51.32014059767685,0,Round 5
U076,U059,0.4047731241391585,0.0,0.0,24.286387448349508,0,Round 5
U093,U046,0.6249218744230469,0.0,0.0,37.49531246538281,0,Round 5
U078,U004,0.14845392405022023,0.0,0.0,8.907235443013214,0,Round 5
